{"cameraMode":{"drawMode":0,"name":"Shaded","section":"Shading Mode"},"sceneLighting":true,"audioPlay":false,"sceneViewState":{"showFog":true,"showMaterialUpdate":false,"showSkybox":true,"showFlares":true,"showImageEffects":true,"showParticleSystems":true},"in2DMode":false,"pivot":{"x":11.197586059570313,"y":-25.758651733398439,"z":-407.18896484375},"rotation":{"x":-0.004805522505193949,"y":-0.9793158173561096,"z":0.20289810001850129,"w":-0.017904357984662057},"size":316.97314453125,"orthographic":false}