{"cameraMode":{"drawMode":0,"name":"Shaded","section":"Shading Mode"},"sceneLighting":true,"audioPlay":false,"sceneViewState":{"showFog":true,"showMaterialUpdate":false,"showSkybox":true,"showFlares":true,"showImageEffects":true,"showParticleSystems":true},"in2DMode":false,"pivot":{"x":178.11647033691407,"y":51.043495178222659,"z":-10.0865478515625},"rotation":{"x":-0.08588609099388123,"y":-0.5186851024627686,"z":0.05245896801352501,"w":-0.8490340113639832},"size":170.37527465820313,"orthographic":false}