{"cameraMode":{"drawMode":0,"name":"Shaded","section":"Shading Mode"},"sceneLighting":true,"audioPlay":false,"sceneViewState":{"showFog":true,"showMaterialUpdate":false,"showSkybox":true,"showFlares":true,"showImageEffects":true,"showParticleSystems":true},"in2DMode":false,"pivot":{"x":78.0657958984375,"y":1.5692353248596192,"z":-104.03346252441406},"rotation":{"x":-0.0020327777601778509,"y":-0.9471965432167053,"z":0.005972963757812977,"w":-0.32062530517578127},"size":80.24496459960938,"orthographic":false}